files_changed,lines_added,lines_deleted,hour_of_day,day_of_week,days_since_last_deploy,recent_failures,test_pass_rate,is_main_branch,num_contributors,deployment_failed
39,229,206,3,2,22,4,0.5246104572703808,1,1,1
29,548,352,5,3,7,0,0.6155404264372482,0,3,1
15,223,390,8,0,20,3,0.9486928587318575,1,6,0
43,6,331,21,3,1,4,0.6280957572196775,0,3,1
8,322,304,13,6,4,1,0.6103255298108743,0,8,0
21,468,349,11,0,5,1,0.5690626465701236,1,5,1
39,732,212,19,4,11,3,0.9295558788234582,1,2,1
19,75,158,23,1,17,0,0.7500291295955434,0,4,0
23,4,23,3,4,29,4,0.8374466015270774,0,9,1
11,646,292,20,4,21,0,0.6195331920375149,0,4,1
11,118,3,23,3,21,1,0.8790202105056082,0,8,0
24,606,219,11,6,0,4,0.8800027724810493,0,5,1
36,504,363,9,1,29,0,0.6562990124541501,0,1,1
40,574,381,21,0,16,2,0.7053413165051414,1,7,1
24,441,19,6,0,29,3,0.6048451387151004,1,3,1
3,194,151,2,5,10,3,0.9882805116614521,1,8,0
22,715,49,22,2,9,2,0.8228012885292058,0,3,1
2,392,176,13,5,18,1,0.9672719403577578,1,1,0
24,26,95,23,5,13,4,0.6516927718145666,0,5,1
44,435,104,9,0,25,3,0.8909454564984449,0,2,1
30,173,249,15,3,9,2,0.8829293219423711,1,4,1
38,300,116,15,4,14,2,0.8458278259332708,0,1,1
2,645,353,21,6,27,1,0.9828194876334002,0,9,0
21,326,227,9,4,18,1,0.6967776680531578,0,6,1
33,410,65,12,4,3,0,0.5653586617948787,0,8,1
12,118,334,5,1,1,3,0.8358544296220304,0,4,0
22,787,261,11,0,8,0,0.864654900238603,0,9,0
44,724,294,8,6,9,2,0.7875302867294074,1,2,1
25,225,242,12,3,27,4,0.6034089465666981,0,9,1
49,532,370,3,1,10,4,0.7522279708346777,0,5,1
27,113,185,23,2,13,1,0.6560948682845646,0,6,1
42,140,245,10,3,6,4,0.7137332640833445,0,3,1
28,559,124,19,5,22,4,0.8226092879223319,1,4,1
16,1,267,17,3,14,4,0.8726073713454172,1,6,0
15,90,130,10,3,21,2,0.6161123454506716,0,7,1
47,654,236,20,4,18,4,0.7026626803234767,0,1,1
44,320,17,3,3,21,4,0.6345807854958145,0,7,1
3,550,39,17,5,14,4,0.5993158069309346,1,1,1
37,139,20,0,5,29,0,0.8916936099979191,1,5,0
7,511,398,6,0,27,2,0.9546263472184962,1,6,1
21,259,224,5,3,23,1,0.6851160928422884,1,2,1
9,673,354,14,4,7,0,0.8756394621868835,0,9,0
39,690,281,17,3,10,3,0.9484976446822055,1,6,1
18,10,7,23,2,28,2,0.9230621052651158,1,7,1
4,261,99,10,2,8,2,0.591406694269613,0,8,1
25,650,239,19,4,14,3,0.9781459407566806,0,1,1
14,172,86,23,0,0,3,0.6883382202147312,1,8,1
9,13,297,14,0,29,3,0.6696203305869182,1,4,1
26,168,13,15,5,0,1,0.5312156636388902,1,8,1
2,642,333,6,5,18,4,0.7430868270524416,1,6,1
20,596,1,20,1,2,2,0.5545068078204644,0,9,1
28,321,374,9,4,9,4,0.624269910463713,0,4,1
47,319,292,11,3,7,4,0.6584713108836406,1,2,1
7,613,324,23,6,14,3,0.904413161745842,1,2,1
44,329,40,13,4,9,1,0.9377443251979483,1,5,0
8,785,317,4,1,0,0,0.6512331587307348,1,9,1
47,777,315,20,5,28,1,0.929349060622287,1,3,1
35,550,380,17,4,17,4,0.9286154686848955,0,8,1
14,419,110,4,4,1,1,0.8823254751924368,0,4,0
17,606,13,2,5,18,3,0.5733475570075908,0,6,1
36,95,230,22,1,12,0,0.8451614234503645,1,6,0
40,581,83,4,5,21,3,0.9725120322902844,1,3,1
4,318,129,23,0,0,0,0.8412702393835785,0,5,0
2,236,230,16,3,1,4,0.665808424553917,0,3,1
6,334,325,18,5,28,0,0.7502896587154156,1,1,0
42,376,144,18,1,15,0,0.8228625216755268,0,7,0
4,459,378,20,2,14,0,0.7552852043642517,1,4,0
29,137,344,11,0,12,1,0.5599764708654849,1,7,1
18,588,27,8,2,15,1,0.6560320223260103,0,3,1
26,547,65,0,6,16,4,0.9011980152768162,0,5,1
44,513,162,17,5,20,0,0.9307090230477587,0,5,1
34,296,228,20,0,28,2,0.5686500163577851,1,2,1
10,320,260,3,3,28,4,0.9761933761993623,1,2,0
36,572,163,9,5,6,0,0.6644113089243047,0,4,1
14,349,300,6,3,23,0,0.8311568693653599,1,4,0
31,779,302,21,4,25,1,0.8759125729783406,1,4,1
48,229,286,22,2,16,4,0.9059731173189417,1,6,1
15,270,394,0,0,6,0,0.972874851112965,0,2,0
8,798,9,16,3,12,0,0.6564597740144114,1,6,1
14,291,194,23,1,4,4,0.9292532272757772,0,7,0
23,725,117,1,3,25,2,0.5658434517181035,0,3,1
40,165,269,10,1,16,4,0.8525204531767964,1,8,1
21,5,79,8,5,2,4,0.870988864756993,0,2,1
16,379,92,6,0,6,2,0.8388616206006603,1,8,0
45,78,265,21,3,25,4,0.6261573680675765,0,5,1
18,410,331,16,6,16,0,0.9365215735076017,0,2,0
47,574,349,16,3,6,4,0.5844292316851976,1,7,1
24,132,360,1,6,20,2,0.5268173957604154,0,2,1
26,601,256,5,0,0,3,0.8587324953059561,0,6,1
25,749,132,13,3,16,4,0.7377378576163669,0,3,1
45,42,275,5,1,29,1,0.9245490099793381,1,9,0
41,89,263,1,3,16,0,0.6916985705291294,1,3,1
29,402,170,0,2,10,0,0.5841392942538564,0,3,1
15,296,0,9,5,24,1,0.9182210962349349,0,5,0
45,295,312,20,4,26,1,0.7744548158200358,0,7,1
1,616,63,4,1,28,4,0.5945978961951774,1,8,1
25,526,373,1,2,2,1,0.8601919992932229,1,7,0
7,691,283,21,6,14,3,0.7555568192447503,0,9,1
9,637,120,15,5,28,2,0.80215649112016,1,5,1
24,422,106,1,0,20,1,0.7304491691032909,1,3,1
1,23,174,9,1,10,1,0.9143544919090032,1,6,0
44,575,203,1,4,25,3,0.9147813578415249,1,5,1
8,143,164,15,5,27,0,0.8546944109121931,0,4,0
24,665,304,15,6,15,0,0.5527006886982311,1,2,1
11,145,119,18,4,24,4,0.9194269309520344,1,7,1
17,225,43,6,0,21,3,0.8355064902664548,0,5,0
8,503,311,21,0,27,2,0.8485120830021498,0,4,1
35,616,155,11,6,8,2,0.6814914202019358,1,8,1
35,104,366,23,1,23,3,0.9396397780785033,1,9,1
33,39,206,14,6,23,2,0.8626858001174287,0,9,1
5,198,389,7,3,0,0,0.5562952332645972,0,3,0
42,646,107,5,0,28,2,0.7038890172030814,0,3,1
39,579,250,9,5,24,2,0.9431901809800709,1,5,1
41,391,369,2,3,21,3,0.5235983508486894,1,5,1
28,179,333,18,2,15,3,0.9807083098210247,0,2,1
7,554,129,16,4,8,2,0.8395812841597814,1,1,1
9,448,292,6,3,18,1,0.8156879888216884,0,8,0
8,500,19,20,4,11,3,0.6352796282439956,1,3,1
12,15,281,19,6,18,4,0.6243958943695885,0,1,1
34,623,284,3,3,21,4,0.9710291097442978,0,1,1
33,669,0,13,6,8,0,0.6491362271170613,1,2,1
48,289,118,19,2,6,2,0.8877526483594997,1,6,1
23,478,34,21,0,13,1,0.6965608991035396,1,6,1
24,231,197,14,2,28,0,0.569627035392352,1,3,1
37,420,244,23,0,18,2,0.5053576488476794,1,4,1
35,157,58,7,6,18,3,0.7721286685076254,1,2,1
44,550,324,20,0,1,4,0.9878894092744663,0,2,1
40,441,160,14,4,8,1,0.6845680969046022,1,7,1
22,97,178,21,5,12,4,0.6785961669965224,0,1,1
27,411,205,19,2,14,3,0.672045808924721,0,7,1
35,289,11,13,3,2,2,0.7602719186524292,1,1,1
1,254,275,8,2,10,3,0.7203324417121468,0,6,1
35,196,180,7,4,20,3,0.9399573133635073,0,3,1
37,598,241,16,0,13,4,0.7527603958617451,1,8,1
47,522,215,1,4,29,1,0.7538789190942844,1,6,1
14,517,250,23,1,24,3,0.5691857973602783,1,2,1
3,635,298,2,1,7,4,0.9913697704551929,0,8,1
1,118,125,7,3,17,1,0.6249864454344148,1,5,0
5,159,216,11,4,18,2,0.5366820337298013,1,8,1
26,228,305,0,6,15,2,0.8315731244876043,1,8,1
14,216,284,9,3,1,0,0.7976831850784363,1,6,0
39,696,184,19,6,7,4,0.7075728269963728,0,2,1
27,15,38,2,3,21,1,0.711096116940339,1,8,1
9,157,222,5,1,5,3,0.8925319605232156,0,6,0
15,648,183,6,3,11,2,0.5978563200498246,1,6,1
15,261,177,19,1,14,1,0.9101266594724449,0,8,0
26,157,293,22,0,24,4,0.824373556947509,0,1,1
42,47,339,17,6,7,0,0.7094848868897622,0,2,1
13,324,150,10,4,3,2,0.7290143082919343,1,9,1
32,685,383,18,3,14,1,0.628323603593048,0,8,1
39,130,125,4,1,27,1,0.8760571663484874,1,7,0
49,411,300,18,2,19,1,0.7564373711526339,1,7,1
32,95,307,10,6,24,4,0.6604272713749217,1,5,1
4,627,335,23,3,16,4,0.7980250578804751,1,2,1
30,755,233,11,5,12,4,0.9978672260256616,1,6,1
37,292,379,9,0,17,3,0.7176311398282769,0,3,1
23,794,374,7,0,1,1,0.9603457003893098,1,4,0
39,283,7,23,2,12,2,0.672508419962283,0,2,1
45,69,340,8,1,12,4,0.5273663534624929,0,2,1
15,660,128,3,3,21,4,0.6021210531842145,0,8,1
43,11,263,4,6,14,1,0.7093475716638421,0,8,1
29,254,156,20,1,19,4,0.6098174642972845,0,6,1
36,550,351,7,0,28,3,0.5001135191091277,0,5,1
13,134,357,22,1,26,3,0.9575007688737636,0,8,1
32,712,4,8,0,9,4,0.9219397056154646,1,4,1
7,23,85,14,1,28,1,0.8711461157434736,0,4,0
22,346,174,14,2,2,1,0.5839072978230143,1,5,1
28,302,289,15,4,18,1,0.5601817881049931,0,1,1
2,363,192,13,2,2,0,0.5338023747361915,0,1,0
42,396,310,7,2,21,4,0.8620145943864606,0,2,1
45,218,118,17,4,13,1,0.9644039803439426,0,8,0
6,141,217,9,4,7,3,0.7152679104565185,1,7,1
28,616,113,19,3,26,2,0.5595703359980241,1,9,1
28,210,144,5,6,22,2,0.7561964103660532,1,5,1
44,623,25,11,6,29,1,0.6744159537293151,0,2,1
44,616,135,1,3,3,2,0.6874124621749989,0,7,1
20,683,302,6,2,26,2,0.8106653120778536,0,8,1
30,460,231,15,2,27,0,0.8593590566311011,1,7,1
11,356,368,2,0,19,3,0.5553017994365804,0,7,1
28,324,75,12,0,10,3,0.5177951154032382,1,5,1
25,133,327,2,6,25,0,0.9971651513428574,1,2,0
39,127,344,17,3,10,0,0.6163641744577759,0,6,1
33,106,301,10,5,26,2,0.5269152624542295,0,4,1
1,604,288,7,5,29,4,0.59493766454796,1,2,1
27,799,0,5,3,10,2,0.519478923174232,1,9,1
13,378,146,0,0,1,0,0.6959054473085858,1,7,0
41,51,286,0,6,29,3,0.9012008922256621,0,6,1
3,29,141,22,6,16,2,0.6706222248788603,0,5,1
39,462,52,7,0,8,4,0.7220917034391833,0,3,1
6,296,303,4,5,27,2,0.8377933867837194,0,4,0
8,297,68,15,1,27,1,0.7544470350349401,0,3,0
27,726,360,10,1,1,2,0.9307228430106621,0,8,1
9,779,89,4,0,28,0,0.9330178375228783,1,3,0
37,407,219,3,1,23,3,0.5049553477455768,1,7,1
33,769,191,5,4,14,3,0.8890231532415995,1,7,1
42,613,62,13,3,15,0,0.730366800120837,0,7,1
44,405,72,21,3,24,1,0.9944202706518315,1,7,1
24,346,160,18,0,3,0,0.7416160379377176,0,2,1
15,622,168,8,2,7,2,0.9934479726941488,0,3,1
32,420,88,11,5,8,0,0.8772846806028682,1,9,0
32,182,175,10,0,25,0,0.6243024423066532,0,3,1
24,1,268,13,1,25,1,0.7691974896434788,1,2,0
41,567,72,22,5,4,2,0.9960678197392914,1,9,1
49,371,244,15,2,15,4,0.9287653038759618,0,9,1
49,661,76,0,1,12,4,0.5486834468956105,1,4,1
12,431,158,12,6,29,3,0.8531859984049981,1,9,1
39,309,323,22,4,6,0,0.6727897929354065,1,3,1
2,137,97,20,1,25,3,0.5034911309401741,1,7,1
3,202,380,20,4,19,1,0.7017404845134998,0,7,1
49,436,101,12,5,16,4,0.6173772108624856,1,8,1
37,313,131,1,4,2,0,0.9094346352602358,1,4,0
49,117,101,3,5,4,1,0.6686653044228827,1,3,1
17,666,18,5,5,18,1,0.9137618469769085,0,3,0
49,575,81,22,5,11,0,0.5002989694173976,1,5,1
2,244,396,4,5,28,1,0.6539095750130596,0,1,0
2,537,278,2,5,26,0,0.6205826071538809,1,3,1
28,602,338,0,1,6,0,0.6167836805343054,1,6,1
23,75,364,3,5,27,2,0.5340933098827314,1,3,1
37,386,330,19,1,8,3,0.5935621352052509,0,5,1
32,210,128,1,5,27,1,0.7777747849428099,0,9,0
33,475,343,4,4,5,1,0.6456805364188722,0,2,1
1,418,309,2,6,28,2,0.708697391164574,0,2,1
19,347,88,8,5,25,2,0.6884334401735943,0,6,1
2,529,212,19,2,16,2,0.9379524624999473,0,6,1
44,640,142,5,5,15,4,0.9526494995052577,1,8,1
26,763,64,17,5,22,4,0.7464784858279301,0,2,1
32,179,75,5,4,2,4,0.6650779751578022,1,9,1
6,182,198,18,3,20,0,0.5534003520011819,0,2,1
32,664,142,11,4,25,1,0.9767014396910475,0,1,1
4,25,315,10,2,3,3,0.5301134724501487,0,2,1
11,180,92,1,3,9,0,0.6488251387841402,1,7,0
17,710,304,14,0,4,1,0.6490331005850021,0,8,1
38,501,223,11,0,20,1,0.6602006430701075,0,5,1
24,161,290,11,2,21,2,0.5821434216362047,1,6,1
5,177,101,8,4,29,2,0.8915807154618486,1,1,1
34,285,266,20,1,9,0,0.5612489309829947,1,6,1
6,63,354,23,2,11,2,0.8174533295765813,1,8,0
22,662,109,1,6,9,1,0.5619230133529087,0,3,1
11,666,329,21,3,28,2,0.5352678187964783,1,1,1
48,156,264,2,3,12,4,0.9547147518429382,0,4,1
16,469,2,11,5,10,2,0.5950643831593528,0,1,1
33,49,84,15,0,21,1,0.9106250772798521,1,8,0
9,84,281,20,3,15,0,0.772315435553568,0,5,0
6,361,327,23,2,7,3,0.5389282598043847,1,1,1
16,689,303,0,3,7,2,0.9777240957190337,0,8,1
29,148,116,20,2,26,1,0.6234805834959463,1,9,1
3,630,220,2,1,24,3,0.9298226726763033,1,2,1
20,342,153,19,5,7,3,0.584405002892282,1,9,1
36,476,152,1,0,12,4,0.9269714410709264,1,8,1
19,63,11,8,3,26,3,0.506614406452647,1,7,1
26,701,132,18,2,1,1,0.7558902282847404,1,3,1
3,360,303,14,4,29,1,0.8847212897107783,0,2,0
19,561,292,17,0,29,2,0.9673977587463917,0,7,1
20,327,299,10,1,11,2,0.9546010681032435,0,5,0
32,769,227,22,2,9,2,0.9098124347738225,1,6,1
7,736,270,15,6,11,3,0.944095674830652,0,4,1
41,141,42,21,6,10,3,0.5996098429185382,1,2,1
33,215,342,16,5,14,4,0.6420921478558643,0,9,1
40,435,325,4,5,15,2,0.6444842624605293,0,3,1
39,723,301,11,1,16,0,0.6885269655008495,1,7,1
18,318,363,10,1,25,4,0.6966603351925944,0,8,1
40,32,378,14,5,1,0,0.7722776623273377,0,2,0
1,670,20,2,3,17,3,0.5799398816832206,0,6,1
11,285,106,0,3,11,4,0.8456233318929947,1,8,0
28,305,335,19,2,18,4,0.5837832696522532,0,7,1
25,429,302,15,4,25,1,0.6551542410522737,1,3,1
23,477,116,1,2,22,3,0.751672565303077,0,1,1
31,286,123,1,4,17,3,0.8982202807617387,0,6,1
30,144,398,2,1,29,4,0.8697346166193636,0,8,1
42,424,280,7,0,16,3,0.8227671782052611,0,6,1
35,19,291,23,2,29,4,0.5778866302900851,1,5,1
7,18,202,14,2,5,1,0.7735226728077889,0,8,0
16,769,50,6,4,24,4,0.5437232508999428,1,2,1
26,590,270,5,1,14,3,0.6886815883983254,1,1,1
48,371,323,8,1,2,3,0.7067582651449795,0,1,1
49,175,276,19,6,5,4,0.5199057197228769,0,4,1
2,194,140,0,4,2,4,0.636994049734986,1,6,1
1,502,274,7,1,29,4,0.9778247336332446,1,9,1
48,113,289,22,5,28,2,0.9768163039148448,0,1,1
12,114,333,22,3,0,3,0.6761635271262696,0,1,1
5,222,380,2,6,29,3,0.521550054474162,0,5,1
37,678,372,3,5,12,2,0.5895474696640908,0,5,1
32,644,51,14,0,27,4,0.6961088967167701,0,5,1
9,264,26,5,2,20,1,0.9738898489846148,1,6,0
41,55,156,14,6,25,4,0.5705995317685925,0,8,1
35,643,238,20,0,13,4,0.8817579218341061,0,3,1
19,778,155,2,2,12,2,0.554341269687346,1,9,1
48,458,290,20,3,26,3,0.9906287886956384,0,1,1
16,162,135,20,1,3,4,0.6908082495545675,0,4,1
3,380,143,13,5,6,3,0.887617269449528,1,9,0
20,87,105,19,4,21,0,0.6712955414055659,0,8,1
24,55,157,13,5,9,3,0.8138344385794043,1,9,1
33,476,145,3,3,6,1,0.5960080423700184,0,1,1
24,178,1,11,0,20,1,0.5730105096484812,0,9,1
11,391,76,16,4,14,4,0.9690320697840656,0,3,1
49,349,131,6,1,14,3,0.9588236389522167,1,9,1
8,8,89,8,3,3,4,0.9437344701064412,1,1,0
36,313,344,2,4,22,2,0.8127167250832967,1,1,1
38,759,349,12,3,22,1,0.9041341056081391,1,9,1
40,443,262,14,3,5,4,0.5345184684556874,0,6,1
20,767,350,17,1,23,2,0.6673945209453396,1,4,1
35,328,107,18,6,19,4,0.6568515623785781,1,7,1
48,54,73,0,2,25,3,0.8178226609763066,1,5,1
25,761,38,5,4,4,3,0.6779788867353203,0,7,1
35,239,396,22,1,19,3,0.5742533908218403,0,8,1
25,229,158,1,3,11,3,0.7982335377067719,1,8,1
29,579,70,23,1,0,0,0.9071919603345407,1,1,1
18,51,311,13,6,27,2,0.6910617472299866,0,8,1
46,609,240,5,2,7,2,0.5661343575492408,1,6,1
18,604,297,13,5,0,3,0.5983440986564115,1,4,1
2,264,35,3,4,4,0,0.618741652584692,1,8,1
35,418,83,20,2,21,3,0.6499487964972681,1,3,1
16,96,373,7,0,5,0,0.8213975352531546,0,4,0
41,88,262,2,4,28,3,0.8004727422688596,0,6,1
36,78,309,18,2,20,1,0.8480399307835196,0,7,0
33,288,384,13,3,2,1,0.6812509922657566,1,4,1
4,120,171,19,4,14,4,0.9119988259399892,1,4,1
33,491,375,16,4,4,3,0.6020438305778801,0,7,1
14,452,172,7,1,27,2,0.734520373759077,0,6,1
21,500,361,23,3,23,4,0.9004693607707152,0,8,1
48,165,46,13,0,13,1,0.5900793238663096,1,1,1
20,182,378,5,5,17,3,0.5549315568703914,0,7,1
8,469,140,22,6,15,4,0.9418419838439949,1,7,1
7,735,374,21,2,5,3,0.6714648313795979,1,7,1
3,7,117,15,1,24,1,0.841935062454516,0,7,0
17,330,276,18,2,23,4,0.5126743021319693,0,8,1
33,775,213,13,0,13,1,0.8450234442047249,1,9,0
48,673,219,18,0,26,0,0.6580506557734853,0,9,1
12,151,392,2,4,23,1,0.5278704267937209,0,2,1
22,85,25,9,6,7,3,0.8049063807740585,1,7,1
22,147,8,18,0,28,2,0.6204019080365866,1,7,1
46,624,270,8,2,6,1,0.69340362102594,1,4,1
30,381,9,19,3,7,2,0.5402904061432567,1,9,1
38,548,377,12,3,12,0,0.5735816255474726,1,8,1
38,285,120,6,4,5,4,0.6489886177479218,0,1,1
45,700,124,13,5,17,4,0.5448797502800786,1,2,1
8,82,169,8,2,1,2,0.9554131323431576,1,2,0
27,514,71,22,2,7,4,0.5030235215919892,1,8,1
27,709,151,18,0,10,1,0.7419301094321558,0,1,1
34,523,207,14,6,0,2,0.5616237290662758,1,4,1
21,746,48,19,2,21,3,0.6538395447389742,1,5,1
30,386,153,13,1,28,1,0.9630297799091327,1,9,0
33,707,346,23,5,5,1,0.5808472766369934,0,7,1
28,471,292,5,0,15,1,0.9829161598591662,1,8,1
47,119,67,20,1,26,3,0.6028971884947109,1,9,1
33,396,49,3,4,19,0,0.8707830542334147,1,7,1
5,532,151,7,3,11,4,0.7733386324486559,0,5,1
48,261,18,16,4,10,2,0.9422393637983796,0,5,1
19,256,99,8,3,28,0,0.7769966277515654,0,6,0
4,734,59,0,4,26,2,0.7672796095781543,0,5,1
35,226,166,23,2,28,4,0.5977290001841999,1,9,1
49,53,201,19,1,9,3,0.5831146810258294,1,3,1
17,500,344,13,3,2,1,0.9582445755577571,0,3,0
44,506,145,10,0,12,1,0.663919099425017,0,7,1
28,364,163,20,1,26,3,0.686041127481448,1,7,1
30,280,241,2,0,2,0,0.8799118292141942,1,6,0
29,593,68,8,1,14,0,0.6694117412114037,0,3,1
46,714,174,13,1,15,2,0.9760312233195014,0,7,1
6,158,48,8,4,28,3,0.8689638844994001,0,5,1
35,632,107,3,3,12,0,0.79871462128671,0,7,0
41,59,225,3,3,16,3,0.9404475802723762,1,2,1
37,727,160,7,6,2,4,0.5248029541747414,0,6,1
24,128,118,1,1,19,1,0.6285313460946044,0,8,1
29,736,148,8,2,10,1,0.732518167110455,1,1,1
49,721,149,13,2,26,1,0.6134892697357606,1,4,1
46,115,292,21,0,20,3,0.8719525936510759,1,1,1
31,209,142,8,0,18,3,0.9596040155268626,1,1,1
35,526,159,23,4,21,2,0.7118850599654617,1,8,1
33,521,10,22,1,10,1,0.6710663000559475,0,7,1
21,552,137,15,0,29,2,0.9807753660687831,0,1,1
32,237,77,16,0,27,1,0.7224262164137705,0,2,1
23,281,76,15,5,15,2,0.7445242002246416,1,4,1
33,359,253,11,1,20,2,0.6758249361709527,0,1,1
3,201,257,2,4,2,4,0.9547742365060692,1,3,1
18,758,319,10,0,21,2,0.7844777416409254,0,8,1
25,278,290,13,4,5,3,0.8810872935908223,0,8,1
42,235,262,17,3,13,2,0.9059033591754432,1,8,1
31,494,84,20,4,23,1,0.6709245209586291,1,6,1
3,4,145,20,2,17,2,0.71684716566019,0,6,1
40,666,322,4,2,16,0,0.9242358872031323,0,5,1
46,442,41,15,4,3,1,0.6816276758379052,0,9,1
24,29,373,19,2,22,0,0.8969675667259256,0,4,0
32,109,124,4,3,14,1,0.9704961612872185,0,7,0
47,610,166,2,1,10,3,0.8116051865340035,1,1,1
22,727,240,11,2,25,3,0.8708136437259444,1,9,1
23,75,279,0,2,2,3,0.9025486560205674,1,7,1
2,146,187,20,4,2,0,0.9225198244483213,1,9,0
27,128,301,8,3,15,4,0.697526668928398,0,7,1
42,42,18,8,6,4,1,0.5256317295879991,0,2,1
2,356,67,3,6,20,3,0.7009381356183697,1,6,1
26,41,217,2,6,28,1,0.8368781148920449,0,4,0
17,34,101,16,6,9,0,0.7251751928903964,1,3,0
40,17,41,1,1,18,4,0.8744815754301993,0,2,1
33,677,287,23,4,24,0,0.6784912147343319,0,6,1
9,153,166,0,4,3,1,0.8173720705520148,0,8,0
43,378,108,7,5,28,4,0.5932099024269872,1,6,1
48,588,35,12,3,28,4,0.8746847183224784,1,9,1
39,599,231,22,6,18,0,0.7728479844065129,1,5,1
29,629,228,14,1,10,3,0.6020321942733002,1,2,1
42,342,352,7,3,1,1,0.6459555867489036,0,8,1
26,27,163,11,6,9,2,0.8743043542909161,0,9,1
35,287,386,21,1,28,2,0.7413006178307604,0,4,1
25,646,72,11,3,10,0,0.6080157201965362,0,6,1
24,731,135,13,4,24,1,0.9836355951851488,1,8,1
13,168,352,14,4,19,1,0.857562509908444,0,9,0
7,610,378,14,0,15,0,0.9785674162698981,0,5,0
36,268,69,8,2,18,1,0.7135525226801716,0,6,1
45,749,195,18,6,22,3,0.7375501703458602,1,4,1
20,455,268,19,5,23,0,0.9489776080925096,1,5,0
1,685,48,21,3,10,3,0.7625246701226923,1,7,1
8,401,315,7,5,13,1,0.8536394559528335,0,9,0
46,476,129,20,0,1,0,0.6260864387477649,1,6,1
16,702,4,18,2,22,1,0.7233632343513203,0,6,1
14,634,26,5,3,27,0,0.5617249329051776,0,8,1
12,558,159,19,1,4,1,0.6029900179384808,0,4,1
23,576,148,18,6,26,3,0.5004717076338155,1,3,1
15,130,263,3,2,4,3,0.5196325258243302,1,7,1
28,363,229,22,4,18,1,0.9886419115884646,0,5,1
34,705,199,6,0,20,0,0.6211768475683812,0,2,1
2,693,49,3,2,11,2,0.8316553547520009,1,2,1
32,292,66,21,6,17,3,0.9195498493998058,1,6,1
23,371,299,11,2,3,3,0.7753302296182821,1,8,1
22,794,380,12,6,21,2,0.5765722500419781,0,1,1
25,29,57,2,4,16,1,0.8640582186680832,0,6,1
22,149,258,21,3,9,0,0.8001257050497915,0,2,0
22,779,341,11,1,19,1,0.8656252946736875,1,2,1
49,296,325,1,4,5,4,0.8848733114285436,1,7,1
42,11,129,23,1,24,3,0.9877051838423725,1,1,1
6,512,214,1,3,13,4,0.7867816400133549,0,6,1
15,676,171,22,2,10,3,0.6708205563453009,0,7,1
43,113,257,8,1,10,3,0.8242322784501186,1,8,1
37,187,101,0,0,28,4,0.5342203546213131,0,7,1
33,744,208,7,0,17,4,0.9486986591607931,1,6,1
8,227,290,22,6,26,1,0.5596905056690984,0,9,1
44,310,353,5,4,22,4,0.6639214189429091,1,3,1
44,98,285,5,3,21,1,0.9078726903130605,0,6,0
5,55,115,21,6,17,1,0.7986561891653559,0,4,0
39,623,263,17,4,23,1,0.6968177601387211,1,2,1
4,664,149,16,4,22,3,0.7367178296875108,1,1,1
6,758,299,11,6,10,3,0.9272736966010902,1,1,1
45,406,35,5,5,20,4,0.670002193029946,1,3,1
32,69,332,7,4,11,3,0.9348248424060857,1,4,1
30,312,286,18,5,4,4,0.5440672154883457,0,2,1
47,289,302,9,0,22,3,0.8883992186043154,1,1,1
35,762,310,0,0,8,0,0.9237738165273681,1,4,0
40,548,207,12,4,26,0,0.5909088264186694,1,7,1
16,751,105,16,0,24,4,0.7151732661861002,0,6,1
13,148,157,2,3,8,3,0.5827498873318278,1,6,1
42,467,120,7,5,21,3,0.8533020644971089,1,9,1
30,739,54,13,5,9,1,0.7676738840308284,1,2,0
19,244,399,2,4,21,2,0.8176616733541605,0,4,1
17,491,11,15,0,18,4,0.5982434834781056,0,5,1
19,507,144,12,1,0,2,0.6058729310262098,1,1,1
28,365,399,19,6,6,2,0.5207486627549531,0,8,1
26,482,395,23,6,3,4,0.6610337675978648,1,8,1
37,201,135,16,5,0,3,0.7798723306668375,0,6,1
26,154,2,12,4,14,4,0.9289674569986643,1,5,1
23,450,143,5,4,7,2,0.8334637237293403,0,8,1
9,501,29,16,3,11,3,0.7176981616998757,1,3,1
12,73,236,13,2,21,0,0.976560057197069,1,3,0
1,713,278,16,2,21,4,0.8596226002879159,0,2,1
1,296,347,7,5,17,4,0.965082601431275,1,5,0
47,17,114,10,6,14,3,0.7637939866360828,1,3,1
34,641,103,19,3,16,0,0.6294521373965698,1,3,1
32,217,117,0,3,28,0,0.526413343182361,1,6,1
48,61,4,6,3,13,3,0.8630424257419252,0,8,1
25,616,359,20,5,13,1,0.5606514990027671,1,2,1
40,42,247,20,2,17,4,0.6513875641359836,0,4,1
45,25,363,16,6,19,4,0.7662354539419487,0,7,1
1,39,320,9,3,17,2,0.7822082938898738,0,1,0
16,131,120,10,6,15,3,0.800291598493568,0,1,0
39,498,285,21,0,0,2,0.5831276651748503,1,7,1
5,229,148,8,4,22,2,0.6898687024108243,1,7,1
22,108,83,8,4,26,0,0.8085971135584833,0,1,1
29,172,230,23,6,10,4,0.9849094323168923,1,1,1
3,435,287,4,1,14,2,0.8638155688498443,0,4,1
12,478,160,16,1,11,0,0.9613018785469789,1,5,0
26,102,271,8,5,7,3,0.8811060291570885,1,5,1
16,524,37,16,5,21,2,0.7958584844462002,1,4,1
37,275,225,23,4,19,4,0.5960116845681722,0,8,1
22,613,141,20,0,29,2,0.8333428259462565,0,7,1
29,44,291,18,2,5,3,0.8116897829799535,1,9,1
14,17,150,6,2,2,2,0.8012345852286332,0,7,0
28,330,113,22,5,27,4,0.7448929339941204,0,1,1
5,569,236,8,0,23,0,0.7643283019946379,1,7,0
47,497,65,6,5,25,4,0.667221263559052,0,1,1
49,12,360,12,2,29,0,0.7596563463211516,1,7,0
30,318,340,10,6,12,1,0.5987779528392392,1,8,1
46,592,257,13,5,12,4,0.9025871986801883,1,9,1
5,216,248,18,3,1,4,0.5928884773493539,0,3,1
12,339,330,10,6,4,3,0.5424831449447332,1,4,1
16,776,322,12,5,16,2,0.7181230131785787,1,4,1
26,661,179,13,4,5,0,0.829153719753031,0,9,1
26,81,189,12,5,1,0,0.7188584124667707,0,7,1
48,727,153,0,4,3,3,0.6383770659756542,0,3,1
21,485,195,7,0,21,3,0.7790855919452204,0,5,1
39,374,310,11,2,25,2,0.6735011677061,1,7,1
36,710,261,18,6,10,2,0.9664338450633165,0,8,1
33,200,142,11,6,7,4,0.961322569801786,0,1,1
30,537,341,7,1,11,1,0.7511859099860477,0,2,0
37,466,315,7,1,7,2,0.6639419970091293,0,7,1
23,89,100,20,2,10,3,0.8685662069783195,1,2,1
10,268,243,12,1,21,2,0.5183564717415333,0,7,1
5,655,11,11,6,19,0,0.7373845030218256,1,9,1
36,571,238,15,5,7,1,0.6681616971351667,0,2,1
34,489,48,0,0,28,4,0.9602679425512773,1,7,1
31,538,41,12,0,7,0,0.5060015136363413,1,4,1
10,47,165,6,2,25,0,0.7764074378591745,0,2,0
19,288,81,4,1,29,1,0.870331790533313,1,7,0
32,778,290,7,5,16,4,0.7425089937620206,0,5,1
1,16,157,13,0,19,3,0.5427015150813608,1,1,1
5,711,215,22,0,19,4,0.9862306950139511,1,5,1
45,401,157,12,3,22,2,0.7590052156880489,1,3,1
4,794,133,14,3,15,0,0.8070931221595057,0,7,0
16,86,66,22,6,13,2,0.6183048913537537,1,6,1
24,250,335,16,0,29,3,0.7417490425534019,0,8,1
16,391,6,14,2,10,2,0.7145747459791609,1,5,1
2,782,13,19,4,6,4,0.5374479210009919,1,2,1
49,335,72,17,4,15,2,0.5530801767737337,1,9,1
28,629,398,17,5,12,3,0.9187362598093873,1,8,1
32,519,162,1,0,26,3,0.6199099761032951,1,6,1
27,137,65,3,0,14,3,0.5974791357493152,1,7,1
20,688,346,0,6,23,4,0.7524557256250697,0,9,1
24,498,129,3,0,15,3,0.8843735656812565,0,7,1
12,727,205,17,2,26,0,0.530973259289494,0,3,1
35,477,275,4,3,20,3,0.7884039598191279,1,6,1
33,594,255,18,0,22,2,0.5596052214202867,0,7,1
33,223,265,14,0,23,2,0.5182305254128092,1,2,1
43,372,24,7,6,8,2,0.5263719760811088,0,3,1
37,402,280,19,1,2,4,0.9170820541042206,0,4,1
12,443,252,16,6,18,2,0.5589862418140308,1,6,1
3,490,309,0,6,19,4,0.522575682206146,1,1,1
1,615,288,11,2,4,4,0.7189499435714561,0,9,1
33,273,163,18,5,9,3,0.9219967359710124,0,5,1
40,526,94,14,0,16,0,0.631204188244651,0,7,1
10,159,269,8,6,14,3,0.7108563087629582,0,9,1
43,152,320,6,6,22,3,0.5199612662818756,1,9,1
44,620,109,1,1,24,4,0.7245392570674379,0,1,1
29,188,335,8,6,7,4,0.7888065403185669,1,1,1
13,98,309,9,4,14,2,0.7854535268760724,1,3,1
12,131,237,1,5,20,2,0.6662133460871826,0,6,1
31,171,380,18,0,29,3,0.6577665903315677,1,2,1
46,183,386,10,0,13,1,0.5533118094682989,0,1,1
2,364,389,12,1,19,1,0.6833991603231342,1,1,0
35,39,24,9,2,27,2,0.5497473344364823,1,5,1
23,527,140,13,0,6,1,0.8832979723560258,0,4,0
17,497,116,17,4,20,2,0.983137148874093,1,1,1
26,516,391,18,0,22,4,0.9850372283333535,1,4,1
8,349,24,21,4,11,3,0.9325355496876969,0,3,1
29,397,78,8,5,16,0,0.8003960746698096,1,2,0
26,722,67,6,5,16,3,0.8504328486219399,1,9,1
10,161,172,2,3,9,2,0.642602901340207,0,1,1
26,16,11,19,3,29,2,0.8153852100863104,0,7,1
34,493,287,5,4,28,3,0.7278247747199387,1,4,1
41,426,127,20,2,18,2,0.7410086698884663,1,5,1
7,108,95,1,0,13,1,0.878888280187579,1,5,0
4,450,91,5,6,10,1,0.6409591777986259,0,1,1
45,311,140,2,0,1,2,0.6590198058472599,1,6,1
11,739,30,15,3,17,2,0.9623208955643183,1,9,1
29,170,333,7,6,6,1,0.5281121474254862,1,2,1
36,546,19,1,4,11,2,0.7428171492066702,1,7,1
25,414,145,16,6,25,2,0.9564004002039308,1,6,1
21,251,315,8,0,1,3,0.8051815039090785,1,5,1
36,759,389,11,0,26,0,0.773203537106066,0,4,1
10,781,159,2,2,19,1,0.6248720896146776,0,4,1
37,141,348,10,1,17,3,0.6716377445322241,1,6,1
9,274,42,0,6,5,0,0.9260242079023464,1,4,0
24,416,253,22,3,23,2,0.7796090658842291,0,5,1
35,608,129,12,3,9,2,0.75737109687839,0,6,1
49,739,59,14,1,19,3,0.5497898567700145,0,5,1
35,39,150,4,0,14,2,0.5080140782275615,1,7,1
48,29,286,20,2,4,4,0.9818425943435245,1,9,1
36,477,4,16,2,19,3,0.6884930836434209,1,7,1
18,318,265,22,3,2,0,0.8016065310497522,1,7,0
49,245,344,23,2,4,3,0.5398575365936424,0,4,1
39,748,129,5,5,29,1,0.8415571428615233,0,1,1
32,697,381,20,1,24,3,0.9662833543529805,0,8,1
24,272,266,21,0,7,2,0.7878326264987099,0,4,1
23,440,177,10,5,7,2,0.5630576611877053,1,1,1
32,748,252,17,1,7,4,0.7908607637367384,1,5,1
37,239,55,3,4,11,4,0.8831736065523261,0,8,1
12,377,82,2,6,23,4,0.7032082682870093,0,4,1
49,266,392,12,3,22,0,0.9399188739707339,0,8,0
13,359,98,22,2,7,4,0.8243414766786823,0,8,0
23,340,148,8,4,10,0,0.9496244591446013,0,3,0
25,389,328,20,2,13,4,0.8117526556236686,1,9,1
35,577,155,5,5,7,0,0.5656439860024121,1,3,1
41,689,189,11,0,28,3,0.6548458555525946,0,1,1
30,3,370,1,0,29,3,0.6008974741262285,0,2,1
17,429,262,2,0,23,2,0.9544132488584312,0,6,1
49,142,79,2,2,27,0,0.8802000336437413,1,2,0
20,376,399,11,4,9,1,0.838199184455003,1,6,0
48,670,251,14,0,6,2,0.6504831598158108,1,1,1
25,324,96,8,4,27,3,0.5920223860251068,0,1,1
22,146,259,22,2,16,0,0.878225543994456,1,5,0
13,293,259,7,5,3,4,0.7370789729395398,0,9,1
19,665,102,10,4,28,1,0.6128947760753145,1,8,1
49,432,39,15,5,12,3,0.8083109890826375,1,3,1
36,705,272,21,2,3,2,0.520166926069226,1,3,1
12,585,100,3,2,4,0,0.6630851270641267,0,1,1
41,399,358,0,3,25,1,0.7342784972955674,0,3,1
19,344,379,23,2,21,0,0.573979167054703,1,1,1
12,140,307,6,2,3,4,0.9923272387954198,0,8,0
9,187,220,1,1,17,2,0.6045486822948072,0,1,1
7,61,307,23,0,5,0,0.5651765650216327,0,5,0
28,380,123,4,3,23,3,0.6017674369434483,0,9,1
14,710,230,6,6,23,2,0.8845305665798622,0,7,1
31,440,177,3,3,22,3,0.7127528296359213,0,4,1
19,319,62,4,3,21,0,0.782707969876269,0,9,0
47,302,115,23,6,1,2,0.5105045784931803,1,9,1
16,344,190,0,1,22,3,0.5172156542866573,0,2,1
5,11,61,0,5,10,4,0.722912774913508,0,6,1
35,62,255,14,2,27,4,0.9083276216008118,1,4,1
12,226,6,19,0,13,0,0.9426194393537826,1,8,0
25,153,154,18,4,29,2,0.5433532837978201,1,7,1
21,711,91,9,6,4,1,0.7691815510505113,1,7,0
36,564,13,17,5,5,2,0.9566148431396353,0,9,1
23,772,228,2,6,9,4,0.6939863771989432,1,5,1
16,571,85,10,2,7,3,0.9147829157141842,1,6,1
39,584,132,14,1,13,1,0.5668478271997182,0,1,1
45,660,182,10,6,23,0,0.9676972448338994,0,6,1
42,575,385,16,2,2,1,0.8757116587656513,0,2,0
39,310,61,16,2,11,0,0.9706671963934508,1,6,0
14,243,218,5,1,15,1,0.8383086167762532,0,9,0
31,493,245,4,3,27,0,0.6817019659997134,1,8,1
5,366,229,7,3,29,0,0.9690905862623612,0,9,0
35,330,78,1,0,22,1,0.6377833881545892,0,8,1
23,107,148,15,0,16,1,0.6660862610308662,1,3,1
29,226,137,19,3,0,0,0.8504042090008701,0,8,0
43,218,313,23,5,22,4,0.8826581497626931,0,6,1
11,753,375,11,4,9,1,0.9647017419245769,0,6,0
18,506,388,5,2,24,2,0.6024012045281048,0,6,1
47,259,64,0,4,22,3,0.898999017609612,0,3,1
12,774,12,3,2,9,0,0.8692730266984817,1,1,0
9,517,212,16,3,20,0,0.531897278126799,1,4,1
10,773,241,12,0,23,3,0.6936115706051035,0,6,1
44,54,212,17,5,1,4,0.6413827285300493,1,2,1
17,47,180,4,0,8,3,0.6522452121770153,1,7,1
38,727,337,23,4,21,1,0.9914734397773504,1,7,1
7,689,172,23,0,12,3,0.8213887067399639,0,4,1
46,521,159,2,3,24,0,0.8588380788967498,0,4,1
13,99,163,10,5,15,3,0.9883088186575046,0,1,0
40,20,187,12,4,17,2,0.6886008912288193,1,2,1
42,753,394,3,5,18,1,0.9009200842264029,1,9,1
9,573,190,13,2,11,3,0.7172654816522477,0,8,1
27,490,307,21,0,7,0,0.9347668359074899,0,8,1
2,419,255,10,5,16,1,0.5903287706556516,1,9,1
5,690,182,9,1,14,0,0.9738430885321399,1,7,0
29,62,116,18,0,9,4,0.6093858542054398,0,9,1
37,145,281,17,2,14,2,0.6631102534904658,1,2,1
38,216,195,5,5,14,4,0.8780961170533903,1,6,1
19,3,33,14,4,22,2,0.6968775707827033,1,3,1
8,160,51,20,2,6,3,0.8041056883832234,1,6,0
48,739,111,9,1,12,1,0.7222867505347143,1,3,1
45,781,251,4,5,16,3,0.8711849685448909,1,8,1
1,120,81,4,6,8,2,0.6141656261843054,1,4,1
22,89,231,9,6,7,2,0.5292289936184384,0,6,1
17,329,226,4,3,19,2,0.6499646987365331,0,9,1
7,580,232,2,0,25,0,0.7371543324342151,1,2,1
25,357,220,22,4,26,1,0.5840100260963392,1,2,1
45,610,41,5,3,20,3,0.6773986448281943,1,7,1
4,267,20,3,5,17,3,0.6999915091467843,0,2,1
36,617,41,17,6,12,4,0.5286959218441367,0,2,1
6,323,396,8,6,15,2,0.7916536240921023,1,4,0
31,635,112,16,6,8,2,0.9421717139856438,0,9,1
19,541,104,12,5,11,2,0.5758714564765262,1,8,1
44,649,191,14,6,11,3,0.798904006700757,1,2,1
39,195,16,19,2,5,4,0.8323696024554231,1,8,1
27,738,119,16,5,18,0,0.7096673402096442,1,4,1
10,332,392,12,4,27,1,0.850548793682135,1,2,0
26,170,128,15,3,6,0,0.705365771745506,1,7,1
19,521,129,21,4,24,3,0.7523186439887175,1,6,1
39,463,59,3,1,2,2,0.5036765222772135,0,5,1
3,40,47,4,6,15,1,0.8458600570673445,1,1,0
45,537,28,4,1,17,3,0.8306713394723622,0,2,1
13,261,96,8,0,15,3,0.5192004386631723,1,8,1
28,395,9,16,0,22,3,0.6841250536975665,1,1,1
20,226,241,12,1,6,1,0.9895159203958337,0,3,0
28,124,313,1,5,3,1,0.7103682812843084,0,2,1
8,38,231,12,4,26,4,0.7509727025659209,1,5,1
41,328,276,21,1,24,4,0.9549650790798593,0,4,1
39,251,283,20,0,29,0,0.8586309379328783,1,7,0
1,176,202,22,1,7,1,0.7910350655621118,1,5,0
3,602,246,18,5,12,1,0.8989023406705363,0,8,0
13,454,289,2,1,12,1,0.9321831332279866,0,4,0
28,37,263,9,4,16,4,0.7284440358686335,0,6,1
49,316,213,1,3,16,3,0.7375541824659178,0,4,1
25,688,199,12,5,4,2,0.6930254678259179,1,2,1
33,796,78,18,0,5,4,0.9833530700092303,0,1,1
38,593,342,16,4,18,1,0.8485831271451751,0,1,1
6,114,343,20,1,12,4,0.5416115331040361,0,8,1
44,40,172,13,1,24,0,0.9314798116565093,0,4,0
45,301,68,11,3,27,1,0.740279970418134,0,5,1
32,224,86,20,0,25,0,0.5343769532112437,1,8,1
45,318,100,11,0,13,1,0.7748586275816556,1,7,0
47,349,7,10,2,21,4,0.7085821394878511,0,8,1
21,115,332,6,0,3,3,0.9388747024313124,0,8,1
16,698,199,3,3,27,2,0.6019973018046937,1,6,1
21,323,86,18,6,6,0,0.9132323047460915,0,2,0
11,568,42,0,2,7,4,0.7788443455927263,1,6,1
37,40,384,23,2,24,3,0.5273051516067345,1,1,1
36,40,108,2,1,12,4,0.9859226506627423,0,1,1
35,749,151,12,1,26,0,0.7563076220516,1,3,1
19,289,16,14,0,5,2,0.6454384271157912,0,3,1
20,262,132,1,2,5,4,0.734703420994629,0,5,1
18,216,147,10,1,23,1,0.9289288917587445,1,1,0
47,147,276,3,3,27,3,0.6524515621925318,1,6,1
41,336,231,18,1,20,4,0.5963381982433502,0,7,1
49,168,313,16,5,29,3,0.5645356234654407,1,3,1
14,92,365,2,5,2,1,0.6489296991951057,0,4,0
15,353,227,17,1,27,2,0.8900240435200217,1,3,0
31,571,138,7,2,2,2,0.7358131825976308,1,1,1
1,571,398,21,6,12,1,0.61374080184677,0,8,1
3,681,210,23,6,21,3,0.5830924998048745,0,2,1
16,781,390,18,2,1,4,0.6663647382551896,0,1,1
23,363,27,4,4,15,1,0.9699621864428545,1,8,1
11,557,50,6,6,21,0,0.6715133562950122,0,7,1
12,345,260,20,5,28,3,0.9940620379773177,0,7,1
10,693,260,7,3,5,2,0.7426152278826781,1,4,1
32,170,349,4,2,7,1,0.5895819591450755,1,9,1
16,356,351,16,0,22,2,0.9455700458967546,0,6,0
8,191,7,4,5,7,3,0.7301776865674134,0,2,1
38,667,319,3,3,29,2,0.8548356717522623,0,1,1
12,422,137,21,3,24,1,0.9918557916045758,0,1,0
24,700,37,18,2,5,3,0.525087675159987,1,9,1
28,7,110,20,3,13,0,0.5483472798937836,1,4,1
8,133,367,1,2,2,1,0.860228370731378,0,5,0
28,747,219,10,6,9,4,0.6409125016477359,0,3,1
36,557,336,21,1,2,1,0.5921506984750495,0,4,1
26,761,222,12,5,26,3,0.5196809399098647,1,8,1
8,31,135,14,4,11,1,0.5109233559931009,0,4,1
28,535,255,11,1,16,0,0.8872428015598954,0,9,1
28,426,359,21,5,26,0,0.567216713684775,1,9,1
37,394,328,20,2,28,4,0.7338603079855754,1,6,1
41,672,48,21,5,4,2,0.8029484075897415,0,2,1
36,363,291,10,6,29,3,0.7141759002844231,0,7,1
27,437,381,6,2,19,3,0.5135533261681166,1,9,1
17,670,323,4,1,24,2,0.8917507512939544,0,6,1
9,551,77,16,0,8,0,0.5052566122708267,0,3,1
33,82,104,23,0,29,0,0.8809449471887421,1,7,0
20,356,168,19,5,20,1,0.9466522468940614,1,5,0
13,258,216,8,0,25,4,0.7164199605285861,1,1,1
28,718,377,13,2,19,4,0.7677712365488991,0,3,1
48,589,118,11,3,6,4,0.7384916963088268,1,5,1
29,524,189,5,2,21,1,0.6946043093117193,1,7,1
13,295,254,16,3,3,4,0.9437122676851801,0,3,0
46,224,369,18,1,12,2,0.9469667553349952,0,6,1
35,525,265,18,4,12,1,0.6679081823207673,1,5,1
6,46,148,15,3,9,2,0.8075348770073489,1,1,0
18,667,163,11,0,17,1,0.963453781072932,0,6,0
5,113,139,11,2,16,4,0.9810292494706758,0,8,0
47,233,346,19,1,19,2,0.7544795202110237,1,1,1
25,17,257,5,0,19,2,0.7264124026421634,1,2,1
2,360,373,22,1,12,2,0.6393471579642629,0,4,1
10,223,268,3,4,16,1,0.979435936595205,1,2,0
30,700,180,5,6,21,3,0.5714071522364337,0,9,1
45,448,159,10,2,3,4,0.7899147880238625,1,8,1
5,365,350,0,5,0,2,0.6412751337593194,0,8,1
33,675,399,23,2,0,3,0.6395041451738983,0,4,1
1,326,287,22,4,14,4,0.7024842936880942,1,5,1
18,467,287,14,2,12,4,0.9993964679078273,1,4,1
32,414,379,10,5,16,2,0.527483153419911,0,9,1
47,455,225,18,3,23,2,0.7892709091017658,1,2,1
49,586,10,17,1,25,1,0.5412860790176386,1,8,1
11,233,9,16,5,7,3,0.5772604149952595,1,2,1
21,224,270,18,0,17,3,0.7197814708864494,0,1,1
26,412,272,20,4,26,2,0.7552300656732207,1,3,1
25,572,182,13,3,12,4,0.629396204182262,1,9,1
22,335,152,17,0,22,2,0.6582285654372081,0,3,1
27,222,314,18,0,13,4,0.5434835101279665,1,9,1
49,37,333,14,4,7,4,0.6516098919221253,1,7,1
13,278,123,14,3,7,2,0.983279219690272,0,1,0
33,196,113,3,6,26,0,0.9723536908362409,0,5,0
34,484,277,6,0,25,3,0.6674391450684924,1,9,1
41,242,212,12,0,14,4,0.7854269681393808,1,3,1
35,324,171,2,3,26,4,0.9547976955554722,0,9,1
1,731,287,15,2,12,0,0.5030919113204484,0,5,1
21,192,173,8,0,6,1,0.9053417851687959,1,9,0
48,17,112,7,1,4,0,0.9741847763944596,1,6,0
6,524,375,19,3,16,0,0.5456628671667785,1,9,1
28,401,121,12,0,27,4,0.5807238430164605,0,7,1
17,705,31,16,4,24,3,0.9803731513856777,1,7,1
5,22,221,16,5,28,0,0.7687700718201731,0,8,0
31,474,118,16,1,15,1,0.5070983172358619,0,7,1
5,120,38,0,5,22,2,0.6288159993817646,0,9,1
38,210,267,7,5,1,0,0.7249718371344298,1,9,1
3,306,232,18,0,21,0,0.8464544555123839,1,6,0
23,270,17,5,1,17,1,0.8665801890683997,1,7,0
37,704,148,2,1,16,3,0.9977107564627281,0,2,1
37,687,396,4,2,29,0,0.6437555996918796,1,9,1
10,285,148,12,5,6,0,0.7691100509342377,0,1,0
10,716,125,14,1,12,3,0.7666617739298025,0,1,1
19,676,391,13,2,17,1,0.7028226297236188,0,3,1
17,763,301,22,3,28,0,0.5845809469212101,0,6,1
21,227,359,15,2,13,3,0.9887282815919213,0,5,1
14,381,237,17,4,29,0,0.926658593333293,0,2,0
9,460,134,21,6,17,2,0.7491665141471187,1,9,1
46,7,150,21,0,12,4,0.8016227113420149,0,4,1
1,29,235,10,3,10,2,0.6136305267798312,1,4,1
45,33,223,2,6,20,0,0.7718935351958734,0,5,0
13,646,202,21,6,29,1,0.8474850665607379,1,8,0
4,79,255,9,3,20,4,0.7575835141932944,1,4,0
1,459,85,9,4,15,2,0.9951425852924707,1,5,1
49,570,149,20,2,22,3,0.8056708281238631,1,4,1
40,538,234,15,0,16,1,0.6854868562960845,0,6,1
32,482,344,11,2,7,2,0.8860760138079191,0,3,1
34,430,21,1,1,18,3,0.585231255790821,0,8,1
28,738,347,8,2,19,0,0.6922579068531333,0,6,1
31,285,284,23,3,14,3,0.6734794751887929,1,5,1
8,516,268,2,0,8,2,0.7159035475538886,1,2,1
39,99,257,23,2,19,2,0.8908899129643632,1,7,1
26,397,28,14,0,9,0,0.7420865160817037,0,2,1
34,489,212,2,0,11,3,0.8970072251329814,1,1,1
3,39,282,18,1,20,3,0.788244451569933,0,7,1
12,271,49,17,1,22,0,0.6710347173287776,1,5,0
1,797,94,7,3,19,3,0.9049893718417362,1,1,1
44,157,87,16,4,29,0,0.6191448352765458,1,4,1
5,75,43,7,6,0,1,0.6121914898998977,1,4,0
30,130,277,6,0,24,2,0.7522514620274179,1,7,1
30,687,170,6,4,19,1,0.6304246229810444,0,9,1
17,84,188,2,6,8,4,0.5045435174756081,1,2,1
48,22,352,0,6,21,4,0.8241487636494007,0,1,1
47,459,183,3,3,14,4,0.755546910736199,0,2,1
23,539,2,4,6,0,0,0.7227589072465805,0,7,1
15,707,190,0,6,11,3,0.9834842573091577,0,6,1
37,382,117,14,0,2,1,0.7855995919814569,0,4,0
21,748,18,4,0,10,1,0.9317157888946923,0,1,0
14,440,22,12,5,1,1,0.5697251181025801,0,1,1
2,604,29,7,4,15,1,0.7846032315647138,0,5,1
11,21,294,7,2,8,4,0.9339898133654514,1,1,0
39,303,107,4,1,14,1,0.791552878639949,1,7,0
38,84,366,8,2,11,3,0.8590070890635008,0,1,1
34,774,280,0,4,0,4,0.6860217839061037,0,1,1
38,659,127,3,1,12,1,0.5462247585185334,0,2,1
34,453,228,2,2,13,0,0.7289501475635357,1,3,1
18,387,110,1,5,24,2,0.6972396954194288,1,1,1
30,507,135,7,1,24,2,0.9335300911894737,0,9,1
15,257,361,22,0,7,2,0.6219976511762362,0,8,1
27,570,185,8,2,7,4,0.983367113767554,1,5,1
34,527,143,1,1,26,1,0.979069059902248,1,2,1
38,162,71,13,5,29,4,0.6238158215357194,0,5,1
33,163,128,13,6,11,3,0.6740259777386602,0,6,1
24,793,363,3,1,0,0,0.9477778704369425,0,1,0
15,792,260,5,1,10,0,0.9833111104480537,0,4,0
30,524,2,10,5,7,2,0.721719551418022,1,9,1
42,786,387,2,6,9,2,0.660498522820449,1,2,1
17,271,103,7,2,29,2,0.7630470066257711,0,5,0
5,492,223,2,3,18,1,0.8438846031828674,0,1,0
29,208,319,13,2,10,3,0.6367372576874899,0,4,1
4,539,361,12,6,6,3,0.8682365873095363,1,4,1
10,584,353,12,4,10,3,0.5258286785573205,0,6,1
17,60,9,1,5,16,3,0.5246472463822083,0,9,1
10,430,383,12,2,0,2,0.6931438525727727,0,3,1
17,657,301,18,1,25,0,0.6767365960303603,1,9,1
20,605,230,5,5,28,2,0.6578166076835761,0,6,1
24,309,218,15,0,20,3,0.745509881334455,1,7,1
5,520,65,1,6,20,2,0.6603667911557856,0,2,1
34,591,111,7,2,7,3,0.596128959234046,0,6,1
6,27,12,16,5,22,4,0.6547347745443004,0,6,1
2,686,392,22,2,23,0,0.9874521364051174,1,2,0
13,562,85,1,5,5,4,0.7055567084974244,0,2,1
43,199,233,9,1,21,1,0.7223563884291679,0,2,1
43,387,89,15,0,17,2,0.78827249497557,1,1,1
48,349,313,5,0,5,1,0.9916703842071133,1,5,0
11,693,53,1,4,4,2,0.6208006382178815,1,8,1
47,536,11,1,5,12,4,0.8406410552662169,0,2,1
23,378,208,12,2,18,3,0.8579923467708621,1,5,1
16,558,13,23,0,21,3,0.803662208396533,0,8,1
31,527,120,14,6,7,2,0.5442891698183221,1,5,1
11,153,376,1,0,8,3,0.8384361379137882,1,2,0
16,734,19,6,3,16,4,0.5320473555180878,1,3,1
8,206,74,2,3,2,3,0.7980713247749485,0,6,0
4,455,399,7,0,18,4,0.8697905886108713,0,5,1
40,273,242,22,5,10,1,0.6054849453099752,0,4,1
4,236,222,13,4,23,4,0.920811003771387,0,4,1
25,740,69,23,0,16,0,0.5151769027665021,0,5,1
3,521,311,22,1,20,0,0.921906431829153,0,2,0
32,678,210,21,2,18,0,0.7301645253213825,0,9,1
3,726,100,6,4,1,2,0.6087939699658222,0,2,1
27,501,185,20,1,7,2,0.566889072496984,0,2,1
29,117,131,6,4,18,2,0.9766535837911863,1,9,1
32,386,110,0,1,6,4,0.5363327937905784,1,3,1
19,344,380,16,2,27,2,0.5995467099679628,0,7,1
21,584,131,8,2,26,1,0.673911173716523,0,4,1
5,395,19,20,3,16,0,0.8101174244805602,0,6,0
18,64,393,12,5,5,4,0.7724005426380491,0,4,0
28,717,23,20,1,18,0,0.562821746206157,1,7,1
42,721,226,18,3,23,2,0.6448639918691073,1,1,1
22,72,153,20,1,5,4,0.619375885543012,0,3,1
21,789,292,18,3,27,3,0.6067714272451707,1,3,1
6,274,229,21,2,1,1,0.7055721682399936,1,1,0
1,320,309,16,4,5,2,0.8520157262958284,0,6,1
5,338,358,22,6,22,2,0.608726466108618,0,9,1
41,366,201,22,3,4,1,0.6833394398514907,0,8,1
12,495,37,9,1,18,1,0.6954587134205812,0,7,1
26,607,259,9,1,19,3,0.9882282647177051,1,8,1
46,166,187,3,6,3,2,0.9773331784395345,0,6,1
34,544,56,7,5,21,2,0.9000687913760379,1,9,1
49,11,19,21,2,25,0,0.6208294604095925,0,3,1
14,301,272,19,1,16,4,0.5340186570458348,1,9,1
26,729,118,19,0,10,4,0.6584520688603124,0,4,1
45,102,70,17,4,3,0,0.6333972747169154,0,7,1
27,425,3,13,3,25,4,0.752962900073197,1,9,1
9,392,220,17,5,12,1,0.8888639550338966,1,2,0
26,779,13,13,6,19,4,0.929161469439429,1,2,1
47,214,2,19,4,25,4,0.9224320427052543,0,9,1
22,691,215,20,2,16,0,0.6798377806115339,1,3,1
47,88,228,23,5,8,3,0.8436171717303415,1,9,1
30,553,335,14,3,3,4,0.6564170987621101,1,5,1
43,401,185,21,3,22,4,0.5304527716175913,1,6,1
48,588,54,3,6,27,3,0.8507826328014712,1,2,1
17,46,387,12,0,13,0,0.5049137762848939,1,8,0
26,672,375,22,6,18,3,0.7045912937292442,1,9,1
36,463,253,7,2,25,0,0.6646896346510378,1,2,1
1,592,23,17,5,27,1,0.8466887692594263,1,6,0
8,310,161,11,5,2,0,0.8831227363801895,0,6,0
49,86,157,22,1,13,1,0.6520473179856419,0,8,1
35,92,81,13,0,7,1,0.9058135072224267,1,5,0
15,660,158,1,0,23,0,0.6469583802524669,0,9,1
47,673,187,17,5,26,2,0.7231631799932806,0,1,1
22,714,59,23,5,27,0,0.8635092635070669,1,9,1
14,242,304,1,4,0,4,0.8464601146123942,1,7,1
26,2,318,10,4,9,4,0.9936842361561,1,4,1
28,225,365,8,4,17,2,0.6125805121079659,1,3,1
23,745,210,11,0,15,1,0.8311589567697912,1,6,1
14,589,151,16,1,7,2,0.8048409541378887,1,1,1
24,116,108,14,3,0,4,0.957549227245015,0,3,1
2,666,75,16,4,11,2,0.5781810708224375,1,2,1
45,103,29,17,1,7,0,0.8758990817934664,0,9,0
26,194,313,21,6,23,2,0.7841343081343841,1,3,1
14,166,116,5,2,15,1,0.6373329348939527,1,2,0
7,90,355,16,4,17,0,0.737217457073587,0,4,1
3,686,191,22,6,3,3,0.666888298534899,1,2,1
47,122,18,23,3,5,4,0.7896567013942304,1,1,1
23,143,172,17,2,11,4,0.9445003054073329,0,6,1
46,106,227,7,2,26,2,0.784652492206101,1,8,1
43,428,349,8,3,8,0,0.815861209163292,0,2,0
47,305,182,5,4,14,3,0.7593739235573547,1,9,1
45,317,112,4,0,15,0,0.525582753222738,1,3,1
18,635,182,11,3,23,4,0.6164292784380472,0,8,1
38,9,145,10,3,11,0,0.7460008647160414,1,8,1
35,774,318,0,3,23,3,0.6551176418723523,0,3,1
15,73,115,10,2,22,2,0.5908817988805971,0,3,1
25,359,112,18,1,13,1,0.7520664209592192,0,6,0
37,223,250,8,6,12,0,0.6614048967239252,1,1,1
28,416,250,1,0,24,1,0.6290538215867074,1,4,1
10,553,302,11,4,1,4,0.7319927087201904,0,1,1
39,370,312,3,4,2,2,0.5666421290410866,1,3,1
17,716,117,3,6,25,2,0.9638728665377037,1,9,1
39,264,300,17,1,23,0,0.9338510489596195,1,5,0
22,690,160,14,3,29,2,0.8538102928702677,0,5,1
26,318,197,18,0,21,0,0.5531069137942282,1,4,1
44,84,259,12,4,9,0,0.8879386272348465,0,3,0
25,318,147,18,6,8,1,0.9039786640545096,1,5,0
17,111,239,16,5,25,2,0.8838823088571688,1,4,0
13,251,46,5,6,19,0,0.5569829435596205,0,8,0
20,383,398,15,4,7,1,0.8219539785338823,1,4,0
25,7,197,23,3,9,3,0.9171623978746992,0,8,1
4,459,46,11,5,18,1,0.7886767006098339,1,6,0
10,84,77,18,1,2,1,0.8232036876140445,0,5,0
3,208,123,4,0,23,0,0.729181739713153,1,4,0
41,390,74,16,1,4,4,0.7643536599420263,1,4,1
45,314,358,22,1,2,4,0.5171884291758626,1,4,1
18,22,136,0,6,25,4,0.8194815109866422,0,9,0
47,410,89,23,0,26,1,0.5407236064455796,0,4,1
36,515,399,22,0,15,0,0.7175072971701117,0,9,1
47,127,324,9,4,16,2,0.6463275488337039,1,6,1
22,700,60,14,4,14,1,0.7727139751058565,0,7,1
34,14,137,22,0,2,1,0.5667081677616035,0,3,1
47,12,49,20,5,11,0,0.8458217009866591,0,8,0
8,87,258,20,2,8,3,0.8975057684642351,0,3,0
40,524,106,10,4,20,1,0.5816772248715782,0,1,1
49,537,112,12,2,11,3,0.552156543675941,0,5,1
44,301,349,4,6,25,3,0.5727577413936795,0,2,1
19,243,253,0,5,14,4,0.9385637809492509,0,6,0
42,122,117,23,0,1,0,0.7640946308781781,0,9,0
41,147,197,11,5,22,3,0.7336304980037514,0,1,1
37,567,336,10,4,17,0,0.5533559095511771,1,4,1
6,750,364,16,1,19,4,0.8247780033784808,1,1,1
26,356,50,3,6,11,0,0.933999795947545,0,1,0
34,685,244,14,0,22,1,0.9140929346617265,1,8,1
45,733,34,8,3,3,3,0.8130273544904006,1,2,1
6,631,301,20,6,22,0,0.5376393583258368,0,1,1
37,309,68,19,2,15,2,0.5561985135880065,0,8,1
33,695,348,18,5,22,0,0.5246544935549123,0,4,1
22,288,319,18,0,15,3,0.6287396082462346,1,3,1
21,307,48,11,6,0,4,0.5678307335801889,0,4,1
6,594,73,4,5,21,4,0.6300240201262169,1,5,1
6,723,191,9,0,24,3,0.6925290278594809,0,1,1
48,662,260,16,4,1,1,0.9714913920355679,1,1,1
4,549,355,4,6,29,1,0.805188029890846,1,3,0
30,352,69,21,4,2,4,0.9174868928414812,0,6,1
11,312,89,15,6,25,4,0.8551757503561661,0,1,0
30,59,259,6,4,20,3,0.5562515652633159,1,2,1
31,643,125,8,5,24,1,0.8679602031869744,1,7,1
24,714,230,2,3,19,4,0.6375494407795622,0,1,1
9,755,294,14,6,16,1,0.8195539234973532,0,7,0
3,35,128,15,6,19,4,0.6704809868214943,1,4,1
31,445,279,17,4,21,0,0.9988361316323295,0,6,1
40,93,312,13,0,20,2,0.631775739748389,1,8,1
